<application>
  <component name="ProjectManager">
    <defaultProject>
      <component name="DefaultGradleProjectSettings">
        <option name="isMigrated" value="true" />
      </component>
      <component name="GradleLocalSettings">
        <option name="projectSyncType">
          <map>
            <entry key="$USER_HOME$/IdeaProjects/saka-live-guide" value="PREVIEW" />
            <entry key="$USER_HOME$/IdeaProjects/sample-spring-thymeleaf" value="PREVIEW" />
            <entry key="$USER_HOME$/IdeaProjects/spring-kotlin" value="PREVIEW" />
            <entry key="$USER_HOME$/IdeaProjects/unicode-sequence" value="PREVIEW" />
          </map>
        </option>
      </component>
    </defaultProject>
  </component>
</application>